source_text	source_dataset	source_id	target_text	target_dataset	target_id	pair_type	llm_confidence	llm_model	llm_reasoning	cluster_id	cluster_size	is_cross_source
Psychiatric medications (e.g. antidepressants, anti-anxiety medications, stimulants)	Arivale	arivale_b77892f7d867	Seen a psychiatrist for nerves, anxiety, tension or depression	Israeli10K	il10k_health_mental_past_psychiatrist	questionnaire_match	0.6541	sentence-transformers/all-MiniLM-L6-v2	Cluster 11 (size 3, sim=0.6541): Arivale ↔ Israeli10K semantic match	11	3	True
Psychiatric medications (e.g. antidepressants, anti-anxiety medications, stimulants)	Arivale	arivale_b77892f7d867	ACE touchscreen question Have you ever seen a psychiatrist for nerves, anxiety, tension or depression?	UKBB	ukbb_2100	questionnaire_match	0.6541	sentence-transformers/all-MiniLM-L6-v2	Cluster 11 (size 3, sim=0.6541): Arivale ↔ UKBB semantic match	11	3	True
Seen a psychiatrist for nerves, anxiety, tension or depression	Israeli10K	il10k_health_mental_past_psychiatrist	ACE touchscreen question Have you ever seen a psychiatrist for nerves, anxiety, tension or depression?	UKBB	ukbb_2100	questionnaire_match	0.6541	sentence-transformers/all-MiniLM-L6-v2	Cluster 11 (size 3, sim=0.6541): Israeli10K ↔ UKBB semantic match	11	3	True
Actinic keratosis	Arivale	arivale_f79c87bf8b46	Which eye(s) affected by astigmatism	Israeli10K	il10k_health_eyes_astigmatism_eye	questionnaire_match	0.6353	sentence-transformers/all-MiniLM-L6-v2	Cluster 14 (size 3, sim=0.6353): Arivale ↔ Israeli10K semantic match	14	3	True
Actinic keratosis	Arivale	arivale_f79c87bf8b46	ACE touchscreen question Which eye(s) are affected by astigmatism?	UKBB	ukbb_5855	questionnaire_match	0.6353	sentence-transformers/all-MiniLM-L6-v2	Cluster 14 (size 3, sim=0.6353): Arivale ↔ UKBB semantic match	14	3	True
Which eye(s) affected by astigmatism	Israeli10K	il10k_health_eyes_astigmatism_eye	ACE touchscreen question Which eye(s) are affected by astigmatism?	UKBB	ukbb_5855	questionnaire_match	0.6353	sentence-transformers/all-MiniLM-L6-v2	Cluster 14 (size 3, sim=0.6353): Israeli10K ↔ UKBB semantic match	14	3	True
Hip Fracture	Arivale	arivale_cd140624ab35	Hip pain for 3+ months	Israeli10K	il10k_health_pain_past_3_months_hip	questionnaire_match	0.603	sentence-transformers/all-MiniLM-L6-v2	Cluster 19 (size 3, sim=0.603): Arivale ↔ Israeli10K semantic match	19	3	True
Hip Fracture	Arivale	arivale_cd140624ab35	ACE touchscreen question Have you had hip pains for more than 3 months?	UKBB	ukbb_3414	questionnaire_match	0.603	sentence-transformers/all-MiniLM-L6-v2	Cluster 19 (size 3, sim=0.603): Arivale ↔ UKBB semantic match	19	3	True
Hip pain for 3+ months	Israeli10K	il10k_health_pain_past_3_months_hip	ACE touchscreen question Have you had hip pains for more than 3 months?	UKBB	ukbb_3414	questionnaire_match	0.603	sentence-transformers/all-MiniLM-L6-v2	Cluster 19 (size 3, sim=0.603): Israeli10K ↔ UKBB semantic match	19	3	True
Tendinopathy (e.g. achilles tendinopathy)	Arivale	arivale_f930e5a7f8fb	Leg pain in calf/calves	Israeli10K	il10k_health_legs_calfs_pain	questionnaire_match	0.5938	sentence-transformers/all-MiniLM-L6-v2	Cluster 25 (size 3, sim=0.5938): Arivale ↔ Israeli10K semantic match	25	3	True
Tendinopathy (e.g. achilles tendinopathy)	Arivale	arivale_f930e5a7f8fb	ACE touchscreen question Do you get this pain in your calf (calves)?	UKBB	ukbb_5463	questionnaire_match	0.5938	sentence-transformers/all-MiniLM-L6-v2	Cluster 25 (size 3, sim=0.5938): Arivale ↔ UKBB semantic match	25	3	True
Leg pain in calf/calves	Israeli10K	il10k_health_legs_calfs_pain	ACE touchscreen question Do you get this pain in your calf (calves)?	UKBB	ukbb_5463	questionnaire_match	0.5938	sentence-transformers/all-MiniLM-L6-v2	Cluster 25 (size 3, sim=0.5938): Israeli10K ↔ UKBB semantic match	25	3	True
How often do you do MUSCLE STRENGTHENING activities (e.g. weight training, sit-ups, push-ups)?	Arivale	arivale_12c937f921fd	Frequency of other exercises in last 4 weeks	Israeli10K	il10k_activity_other_monthly	questionnaire_match	0.5933	sentence-transformers/all-MiniLM-L6-v2	Cluster 26 (size 3, sim=0.5933): Arivale ↔ Israeli10K semantic match	26	3	True
How often do you do MUSCLE STRENGTHENING activities (e.g. weight training, sit-ups, push-ups)?	Arivale	arivale_12c937f921fd	ACE touchscreen question How many times in the last 4 weeks did you do other exercises such as swimming, cycling, keep fit?	UKBB	ukbb_3637	questionnaire_match	0.5933	sentence-transformers/all-MiniLM-L6-v2	Cluster 26 (size 3, sim=0.5933): Arivale ↔ UKBB semantic match	26	3	True
Frequency of other exercises in last 4 weeks	Israeli10K	il10k_activity_other_monthly	ACE touchscreen question How many times in the last 4 weeks did you do other exercises such as swimming, cycling, keep fit?	UKBB	ukbb_3637	questionnaire_match	0.5933	sentence-transformers/all-MiniLM-L6-v2	Cluster 26 (size 3, sim=0.5933): Israeli10K ↔ UKBB semantic match	26	3	True
Other heritable (Mendelian) disorder	Arivale	arivale_d7e3c1a5bd30	Frequency of depressed mood in last 2 weeks	Israeli10K	il10k_health_mental_past_two_week_depression_frequency	questionnaire_match	0.5903	sentence-transformers/all-MiniLM-L6-v2	Cluster 28 (size 3, sim=0.5903): Arivale ↔ Israeli10K semantic match	28	3	True
Other heritable (Mendelian) disorder	Arivale	arivale_d7e3c1a5bd30	Probable recurrent major depression (moderate).	UKBB	ukbb_20124	questionnaire_match	0.5903	sentence-transformers/all-MiniLM-L6-v2	Cluster 28 (size 3, sim=0.5903): Arivale ↔ UKBB semantic match	28	3	True
Frequency of depressed mood in last 2 weeks	Israeli10K	il10k_health_mental_past_two_week_depression_frequency	Probable recurrent major depression (moderate).	UKBB	ukbb_20124	questionnaire_match	0.5903	sentence-transformers/all-MiniLM-L6-v2	Cluster 28 (size 3, sim=0.5903): Israeli10K ↔ UKBB semantic match	28	3	True
Facial paralysis	Arivale	arivale_1f72727a4517	Facial pains for 3+ months	Israeli10K	il10k_health_pain_past_3_months_facial	questionnaire_match	0.5795	sentence-transformers/all-MiniLM-L6-v2	Cluster 36 (size 3, sim=0.5795): Arivale ↔ Israeli10K semantic match	36	3	True
Facial paralysis	Arivale	arivale_1f72727a4517	ACE touchscreen question Have you had facial pains for more than 3 months?	UKBB	ukbb_4067	questionnaire_match	0.5795	sentence-transformers/all-MiniLM-L6-v2	Cluster 36 (size 3, sim=0.5795): Arivale ↔ UKBB semantic match	36	3	True
Facial pains for 3+ months	Israeli10K	il10k_health_pain_past_3_months_facial	ACE touchscreen question Have you had facial pains for more than 3 months?	UKBB	ukbb_4067	questionnaire_match	0.5795	sentence-transformers/all-MiniLM-L6-v2	Cluster 36 (size 3, sim=0.5795): Israeli10K ↔ UKBB semantic match	36	3	True
My personal relationship status is	Arivale	arivale_cbfd51fd3c01	Family relationship satisfaction	Israeli10K	il10k_health_mental_current_satisfaction_family_relations	questionnaire_match	0.578	sentence-transformers/all-MiniLM-L6-v2	Cluster 39 (size 3, sim=0.578): Arivale ↔ Israeli10K semantic match	39	3	True
My personal relationship status is	Arivale	arivale_cbfd51fd3c01	ACE touchscreen question In general how satisfied are you with your FAMILY RELATIONSHIPS?	UKBB	ukbb_4559	questionnaire_match	0.578	sentence-transformers/all-MiniLM-L6-v2	Cluster 39 (size 3, sim=0.578): Arivale ↔ UKBB semantic match	39	3	True
Family relationship satisfaction	Israeli10K	il10k_health_mental_current_satisfaction_family_relations	ACE touchscreen question In general how satisfied are you with your FAMILY RELATIONSHIPS?	UKBB	ukbb_4559	questionnaire_match	0.578	sentence-transformers/all-MiniLM-L6-v2	Cluster 39 (size 3, sim=0.578): Israeli10K ↔ UKBB semantic match	39	3	True
Psoriasis	Arivale	arivale_282e19c0a270	Childhood sunburn occasions	Israeli10K	il10k_skin_past_sunburns	questionnaire_match	0.5224	sentence-transformers/all-MiniLM-L6-v2	Cluster 54 (size 3, sim=0.5224): Arivale ↔ Israeli10K semantic match	54	3	True
Psoriasis	Arivale	arivale_282e19c0a270	ACE touchscreen question Before the age of 15, how many times did you suffer sunburn that was painful for at least 2 days or caused blistering?	UKBB	ukbb_1737	questionnaire_match	0.5224	sentence-transformers/all-MiniLM-L6-v2	Cluster 54 (size 3, sim=0.5224): Arivale ↔ UKBB semantic match	54	3	True
Childhood sunburn occasions	Israeli10K	il10k_skin_past_sunburns	ACE touchscreen question Before the age of 15, how many times did you suffer sunburn that was painful for at least 2 days or caused blistering?	UKBB	ukbb_1737	questionnaire_match	0.5224	sentence-transformers/all-MiniLM-L6-v2	Cluster 54 (size 3, sim=0.5224): Israeli10K ↔ UKBB semantic match	54	3	True
Colon Polyp	Arivale	arivale_541185da05f5	Polyps information	Israeli10K	il10k_polyps_information	questionnaire_match	0.4808	sentence-transformers/all-MiniLM-L6-v2	Cluster 72 (size 3, sim=0.4808): Arivale ↔ Israeli10K semantic match	72	3	True
Colon Polyp	Arivale	arivale_541185da05f5	This field contains the values the participant entered when shown each puzzle.	UKBB	ukbb_6312	questionnaire_match	0.4808	sentence-transformers/all-MiniLM-L6-v2	Cluster 72 (size 3, sim=0.4808): Arivale ↔ UKBB semantic match	72	3	True
Polyps information	Israeli10K	il10k_polyps_information	This field contains the values the participant entered when shown each puzzle.	UKBB	ukbb_6312	questionnaire_match	0.4808	sentence-transformers/all-MiniLM-L6-v2	Cluster 72 (size 3, sim=0.4808): Israeli10K ↔ UKBB semantic match	72	3	True
I laugh a lot.	Arivale	arivale_f6fa9f167a8d	Ever highly irritable/argumentative for 2 days	Israeli10K	il10k_health_mental_past_irritable_two_days	questionnaire_match	0.451	sentence-transformers/all-MiniLM-L6-v2	Cluster 84 (size 3, sim=0.451): Arivale ↔ Israeli10K semantic match	84	3	True
I laugh a lot.	Arivale	arivale_f6fa9f167a8d	ACE touchscreen question Have you ever had a period of time lasting at least two days when you were so irritable that you found yourself shouting at people or starting fights or arguments?	UKBB	ukbb_4653	questionnaire_match	0.451	sentence-transformers/all-MiniLM-L6-v2	Cluster 84 (size 3, sim=0.451): Arivale ↔ UKBB semantic match	84	3	True
Ever highly irritable/argumentative for 2 days	Israeli10K	il10k_health_mental_past_irritable_two_days	ACE touchscreen question Have you ever had a period of time lasting at least two days when you were so irritable that you found yourself shouting at people or starting fights or arguments?	UKBB	ukbb_4653	questionnaire_match	0.451	sentence-transformers/all-MiniLM-L6-v2	Cluster 84 (size 3, sim=0.451): Israeli10K ↔ UKBB semantic match	84	3	True
I don't find it easy to make decisions.	Arivale	arivale_2ded7ae8a8c0	Risk taking	Israeli10K	il10k_health_mental_current_risk_taker	questionnaire_match	0.4226	sentence-transformers/all-MiniLM-L6-v2	Cluster 93 (size 3, sim=0.4226): Arivale ↔ Israeli10K semantic match	93	3	True
I don't find it easy to make decisions.	Arivale	arivale_2ded7ae8a8c0	ACE touchscreen question Would you describe yourself as someone who takes risks?	UKBB	ukbb_2040	questionnaire_match	0.4226	sentence-transformers/all-MiniLM-L6-v2	Cluster 93 (size 3, sim=0.4226): Arivale ↔ UKBB semantic match	93	3	True
Risk taking	Israeli10K	il10k_health_mental_current_risk_taker	ACE touchscreen question Would you describe yourself as someone who takes risks?	UKBB	ukbb_2040	questionnaire_match	0.4226	sentence-transformers/all-MiniLM-L6-v2	Cluster 93 (size 3, sim=0.4226): Israeli10K ↔ UKBB semantic match	93	3	True
Erectile dysfunction	Arivale	arivale_5b820041a0cb	Hard to have sex	Israeli10K	il10k_hard_to_have_sex	questionnaire_match	0.4209	sentence-transformers/all-MiniLM-L6-v2	Cluster 95 (size 3, sim=0.4209): Arivale ↔ Israeli10K semantic match	95	3	True
Erectile dysfunction	Arivale	arivale_5b820041a0cb	ACE touchscreen question The next section contains questions about your sexual history. If you feel that a question is too sensitive, you can skip the question or skip the entire section if you prefer...	UKBB	ukbb_2129	questionnaire_match	0.4209	sentence-transformers/all-MiniLM-L6-v2	Cluster 95 (size 3, sim=0.4209): Arivale ↔ UKBB semantic match	95	3	True
Hard to have sex	Israeli10K	il10k_hard_to_have_sex	ACE touchscreen question The next section contains questions about your sexual history. If you feel that a question is too sensitive, you can skip the question or skip the entire section if you prefer...	UKBB	ukbb_2129	questionnaire_match	0.4209	sentence-transformers/all-MiniLM-L6-v2	Cluster 95 (size 3, sim=0.4209): Israeli10K ↔ UKBB semantic match	95	3	True
I have frequent mood swings.	Arivale	arivale_c5f90322357e	Mood swings	Israeli10K	il10k_health_mental_current_mood_swings_frequency	questionnaire_match	0.8349	sentence-transformers/all-MiniLM-L6-v2	Cluster 104 (size 2, sim=0.8349): Arivale ↔ Israeli10K semantic match	104	2	True
Which eye(s) affected by hypermetropia (long sight)	Israeli10K	il10k_health_eyes_long_sight_eye	ACE touchscreen question Which eye(s) are affected by hypermetropia (long sight)?	UKBB	ukbb_5832	questionnaire_match	0.8107	sentence-transformers/all-MiniLM-L6-v2	Cluster 105 (size 2, sim=0.8107): Israeli10K ↔ UKBB semantic match	105	2	True
Which eye(s) affected by amblyopia (lazy eye)	Israeli10K	il10k_health_eyes_amblyopia_eye	ACE touchscreen question Which eye(s) are affected by amblyopia (lazy eye)?	UKBB	ukbb_5408	questionnaire_match	0.8043	sentence-transformers/all-MiniLM-L6-v2	Cluster 106 (size 2, sim=0.8043): Israeli10K ↔ UKBB semantic match	106	2	True
Which eye(s) affected by strabismus (squint)	Israeli10K	il10k_health_eyes_squint_eye	ACE touchscreen question Which eye(s) are affected by strabismus (squint)?	UKBB	ukbb_6205	questionnaire_match	0.7811	sentence-transformers/all-MiniLM-L6-v2	Cluster 107 (size 2, sim=0.7811): Israeli10K ↔ UKBB semantic match	107	2	True
Which eye(s) affected by myopia (short sight)	Israeli10K	il10k_health_eyes_short_sight_eye	ACE touchscreen question Which eye(s) are affected by myopia (short sight)?	UKBB	ukbb_5843	questionnaire_match	0.7773	sentence-transformers/all-MiniLM-L6-v2	Cluster 108 (size 2, sim=0.7773): Israeli10K ↔ UKBB semantic match	108	2	True
Which eye(s) affected by presbyopia	Israeli10K	il10k_health_eyes_reading_glasses_eye	ACE touchscreen question Which eye(s) are affected by presbyopia?	UKBB	ukbb_5610	questionnaire_match	0.7672	sentence-transformers/all-MiniLM-L6-v2	Cluster 109 (size 2, sim=0.7672): Israeli10K ↔ UKBB semantic match	109	2	True
Hair colour (natural, before greying)	Israeli10K	il10k_hair_color	ACE touchscreen question What best describes your natural hair colour? (If your hair colour is grey, the colour before you went grey)	UKBB	ukbb_1747	questionnaire_match	0.7549	sentence-transformers/all-MiniLM-L6-v2	Cluster 110 (size 2, sim=0.7549): Israeli10K ↔ UKBB semantic match	110	2	True
Which eye(s) affected by diabetes-related eye disease	Israeli10K	il10k_health_eyes_diabetes_eye	ACE touchscreen question Which eye(s) are affected by diabetes related eye disease?	UKBB	ukbb_5890	questionnaire_match	0.7417	sentence-transformers/all-MiniLM-L6-v2	Cluster 111 (size 2, sim=0.7417): Israeli10K ↔ UKBB semantic match	111	2	True
Age started wearing glasses or contact lenses	Israeli10K	il10k_health_eyes_glasses_contacts_start_age	Age started wearing glasses	Israeli10K	il10k_eye_health_eyeglasses_age	questionnaire_match	0.7316	sentence-transformers/all-MiniLM-L6-v2	Cluster 112 (size 3, sim=0.7316): Israeli10K ↔ Israeli10K semantic match	112	3	False
Age started wearing glasses or contact lenses	Israeli10K	il10k_health_eyes_glasses_contacts_start_age	ACE touchscreen question What age did you first start to wear glasses or contact lenses?	UKBB	ukbb_2217	questionnaire_match	0.7316	sentence-transformers/all-MiniLM-L6-v2	Cluster 112 (size 3, sim=0.7316): Israeli10K ↔ UKBB semantic match	112	3	True
Age started wearing glasses	Israeli10K	il10k_eye_health_eyeglasses_age	ACE touchscreen question What age did you first start to wear glasses or contact lenses?	UKBB	ukbb_2217	questionnaire_match	0.7316	sentence-transformers/all-MiniLM-L6-v2	Cluster 112 (size 3, sim=0.7316): Israeli10K ↔ UKBB semantic match	112	3	True
Salt added to food indication	Israeli10K	il10k_diet_add_salt_to_food	ACE touchscreen question Do you add salt to your food? (Do not include salt used in cooking)	UKBB	ukbb_1478	questionnaire_match	0.7301	sentence-transformers/all-MiniLM-L6-v2	Cluster 113 (size 2, sim=0.7301): Israeli10K ↔ UKBB semantic match	113	2	True
Which eye(s) affected by other serious eye condition	Israeli10K	il10k_health_eyes_other_serious_condition_eye	ACE touchscreen question Which eye(s) are affected by the other serious eye condition?	UKBB	ukbb_5934	questionnaire_match	0.7201	sentence-transformers/all-MiniLM-L6-v2	Cluster 114 (size 2, sim=0.7201): Israeli10K ↔ UKBB semantic match	114	2	True
Previously smoked cigarettes on most/all days	Israeli10K	il10k_smoking_current_cigar_past_status	ACE touchscreen question Did you previously smoke cigarettes on most or all days?	UKBB	ukbb_5959	questionnaire_match	0.6994	sentence-transformers/all-MiniLM-L6-v2	Cluster 115 (size 2, sim=0.6994): Israeli10K ↔ UKBB semantic match	115	2	True
Time spent outdoors in winter	Israeli10K	il10k_activity_outdoors_winter_daily	ACE touchscreen question In a typical DAY in winter, how many hours do you spend outdoors?	UKBB	ukbb_1060	questionnaire_match	0.685	sentence-transformers/all-MiniLM-L6-v2	Cluster 117 (size 2, sim=0.685): Israeli10K ↔ UKBB semantic match	117	2	True
Pap smear	Arivale	arivale_323d4609c423	Normal PAP test	Israeli10K	il10k_vaccinations_past_year	questionnaire_match	0.6723	sentence-transformers/all-MiniLM-L6-v2	Cluster 118 (size 2, sim=0.6723): Arivale ↔ Israeli10K semantic match	118	2	True
Pork intake	Israeli10K	il10k_diet_pork_intake	ACE touchscreen question How often do you eat pork? (Do not count processed meats such as bacon or ham)	UKBB	ukbb_1389	questionnaire_match	0.6614	sentence-transformers/all-MiniLM-L6-v2	Cluster 120 (size 2, sim=0.6614): Israeli10K ↔ UKBB semantic match	120	2	True
How many servings of fruit (including juice) do you have each day? (1 serving = 1 medium piece of whole fruit, ½ cup sliced fruit/berries or ½ cup juice)	Arivale	arivale_0ed8e50d6d0a	ACE touchscreen question About how many pieces of FRESH fruit would you eat per DAY? (Count one apple, one banana, 10 grapes etc as one piece; put '0' if you do not eat any)	UKBB	ukbb_1309	questionnaire_match	0.6596	sentence-transformers/all-MiniLM-L6-v2	Cluster 121 (size 2, sim=0.6596): Arivale ↔ UKBB semantic match	121	2	True
Average weekly champagne plus white wine intake	Israeli10K	il10k_alcohol_weekly_white_champagne_intake_choice	Average weekly champagne plus white wine intake	Israeli10K	il10k_alcohol_weekly_white_champagne_intake_number	questionnaire_match	0.6575	sentence-transformers/all-MiniLM-L6-v2	Cluster 122 (size 3, sim=0.6575): Israeli10K ↔ Israeli10K semantic match	122	3	False
Average weekly champagne plus white wine intake	Israeli10K	il10k_alcohol_weekly_white_champagne_intake_choice	ACE touchscreen question In an average WEEK, how many glasses of WHITE wine or champagne would you drink? (There are six glasses in an average bottle)	UKBB	ukbb_1578	questionnaire_match	0.6575	sentence-transformers/all-MiniLM-L6-v2	Cluster 122 (size 3, sim=0.6575): Israeli10K ↔ UKBB semantic match	122	3	True
Average weekly champagne plus white wine intake	Israeli10K	il10k_alcohol_weekly_white_champagne_intake_number	ACE touchscreen question In an average WEEK, how many glasses of WHITE wine or champagne would you drink? (There are six glasses in an average bottle)	UKBB	ukbb_1578	questionnaire_match	0.6575	sentence-transformers/all-MiniLM-L6-v2	Cluster 122 (size 3, sim=0.6575): Israeli10K ↔ UKBB semantic match	122	3	True
Average monthly champagne plus white wine intake	Israeli10K	il10k_alcohol_monthly_white_champagne_intake_choice	Average monthly champagne plus white wine intake	Israeli10K	il10k_alcohol_monthly_white_champagne_intake_number	questionnaire_match	0.6573	sentence-transformers/all-MiniLM-L6-v2	Cluster 123 (size 3, sim=0.6573): Israeli10K ↔ Israeli10K semantic match	123	3	False
Average monthly champagne plus white wine intake	Israeli10K	il10k_alcohol_monthly_white_champagne_intake_choice	ACE touchscreen question In an average MONTH, how many glasses of WHITE wine or champagne would you drink? (There are six glasses in an average bottle)	UKBB	ukbb_4418	questionnaire_match	0.6573	sentence-transformers/all-MiniLM-L6-v2	Cluster 123 (size 3, sim=0.6573): Israeli10K ↔ UKBB semantic match	123	3	True
Average monthly champagne plus white wine intake	Israeli10K	il10k_alcohol_monthly_white_champagne_intake_number	ACE touchscreen question In an average MONTH, how many glasses of WHITE wine or champagne would you drink? (There are six glasses in an average bottle)	UKBB	ukbb_4418	questionnaire_match	0.6573	sentence-transformers/all-MiniLM-L6-v2	Cluster 123 (size 3, sim=0.6573): Israeli10K ↔ UKBB semantic match	123	3	True
Usual walking pace	Israeli10K	il10k_activity_walking_pace	ACE touchscreen question How would you describe your usual walking pace?	UKBB	ukbb_924	questionnaire_match	0.6515	sentence-transformers/all-MiniLM-L6-v2	Cluster 126 (size 2, sim=0.6515): Israeli10K ↔ UKBB semantic match	126	2	True
I consider myself a morning person.	Arivale	arivale_c008ee3c5b87	Getting up in morning	Israeli10K	il10k_sleep_waking_morning_easy	questionnaire_match	0.6504	sentence-transformers/all-MiniLM-L6-v2	Cluster 127 (size 3, sim=0.6504): Arivale ↔ Israeli10K semantic match	127	3	True
I consider myself a morning person.	Arivale	arivale_c008ee3c5b87	Morning/evening person (chronotype)	Israeli10K	il10k_sleep_chronotype	questionnaire_match	0.6504	sentence-transformers/all-MiniLM-L6-v2	Cluster 127 (size 3, sim=0.6504): Arivale ↔ Israeli10K semantic match	127	3	True
Getting up in morning	Israeli10K	il10k_sleep_waking_morning_easy	Morning/evening person (chronotype)	Israeli10K	il10k_sleep_chronotype	questionnaire_match	0.6504	sentence-transformers/all-MiniLM-L6-v2	Cluster 127 (size 3, sim=0.6504): Israeli10K ↔ Israeli10K semantic match	127	3	False
Age cataract diagnosed	Israeli10K	il10k_health_eyes_cataract_eye_start_age	Eye health LASIK surgery age	Israeli10K	il10k_eye_health_surgery_improve_vision_age	questionnaire_match	0.65	sentence-transformers/all-MiniLM-L6-v2	Cluster 128 (size 3, sim=0.65): Israeli10K ↔ Israeli10K semantic match	128	3	False
Age cataract diagnosed	Israeli10K	il10k_health_eyes_cataract_eye_start_age	ACE touchscreen question What was your age when a cataract was first diagnosed?	UKBB	ukbb_4700	questionnaire_match	0.65	sentence-transformers/all-MiniLM-L6-v2	Cluster 128 (size 3, sim=0.65): Israeli10K ↔ UKBB semantic match	128	3	True
Eye health LASIK surgery age	Israeli10K	il10k_eye_health_surgery_improve_vision_age	ACE touchscreen question What was your age when a cataract was first diagnosed?	UKBB	ukbb_4700	questionnaire_match	0.65	sentence-transformers/all-MiniLM-L6-v2	Cluster 128 (size 3, sim=0.65): Israeli10K ↔ UKBB semantic match	128	3	True
Age when last ate meat	Israeli10K	il10k_diet_meat_last_ate_choice	Age when last ate meat	Israeli10K	il10k_diet_meat_last_ate_age	questionnaire_match	0.6486	sentence-transformers/all-MiniLM-L6-v2	Cluster 129 (size 3, sim=0.6486): Israeli10K ↔ Israeli10K semantic match	129	3	False
Age when last ate meat	Israeli10K	il10k_diet_meat_last_ate_choice	ACE touchscreen question How old were you when you last ate any kind of meat? (Enter 0 if you have never eaten meat in your lifetime)	UKBB	ukbb_3680	questionnaire_match	0.6486	sentence-transformers/all-MiniLM-L6-v2	Cluster 129 (size 3, sim=0.6486): Israeli10K ↔ UKBB semantic match	129	3	True
Age when last ate meat	Israeli10K	il10k_diet_meat_last_ate_age	ACE touchscreen question How old were you when you last ate any kind of meat? (Enter 0 if you have never eaten meat in your lifetime)	UKBB	ukbb_3680	questionnaire_match	0.6486	sentence-transformers/all-MiniLM-L6-v2	Cluster 129 (size 3, sim=0.6486): Israeli10K ↔ UKBB semantic match	129	3	True
Neck/shoulder pain for 3+ months	Israeli10K	il10k_health_pain_past_3_months_neck_shoulders	ACE touchscreen question Have you had neck or shoulder pains for more than 3 months?	UKBB	ukbb_3404	questionnaire_match	0.6437	sentence-transformers/all-MiniLM-L6-v2	Cluster 132 (size 2, sim=0.6437): Israeli10K ↔ UKBB semantic match	132	2	True
Dried fruit daily intake	Israeli10K	il10k_diet_fruit_dried_intake_choice	Dried fruit daily intake	Israeli10K	il10k_diet_fruit_dried_intake_number	questionnaire_match	0.6413	sentence-transformers/all-MiniLM-L6-v2	Cluster 133 (size 3, sim=0.6413): Israeli10K ↔ Israeli10K semantic match	133	3	False
Dried fruit daily intake	Israeli10K	il10k_diet_fruit_dried_intake_choice	ACE touchscreen question About how many pieces of DRIED fruit would you eat per DAY? (Count one prune, one dried apricot, 10 raisins as one piece; put '0' if you do not eat any)	UKBB	ukbb_1319	questionnaire_match	0.6413	sentence-transformers/all-MiniLM-L6-v2	Cluster 133 (size 3, sim=0.6413): Israeli10K ↔ UKBB semantic match	133	3	True
Dried fruit daily intake	Israeli10K	il10k_diet_fruit_dried_intake_number	ACE touchscreen question About how many pieces of DRIED fruit would you eat per DAY? (Count one prune, one dried apricot, 10 raisins as one piece; put '0' if you do not eat any)	UKBB	ukbb_1319	questionnaire_match	0.6413	sentence-transformers/all-MiniLM-L6-v2	Cluster 133 (size 3, sim=0.6413): Israeli10K ↔ UKBB semantic match	133	3	True
Time spend outdoors in summer	Israeli10K	il10k_activity_outdoors_summer_daily	ACE touchscreen question In a typical DAY in summer, how many hours do you spend outdoors?	UKBB	ukbb_1050	questionnaire_match	0.6404	sentence-transformers/all-MiniLM-L6-v2	Cluster 134 (size 2, sim=0.6404): Israeli10K ↔ UKBB semantic match	134	2	True
Average monthly red wine intake	Israeli10K	il10k_alcohol_monthly_red_intake_choice	Average monthly red wine intake	Israeli10K	il10k_alcohol_monthly_red_intake_number	questionnaire_match	0.6329	sentence-transformers/all-MiniLM-L6-v2	Cluster 136 (size 3, sim=0.6329): Israeli10K ↔ Israeli10K semantic match	136	3	False
Average monthly red wine intake	Israeli10K	il10k_alcohol_monthly_red_intake_choice	ACE touchscreen question In an average MONTH, how many glasses of RED wine would you drink? (There are six glasses in an average bottle)	UKBB	ukbb_4407	questionnaire_match	0.6329	sentence-transformers/all-MiniLM-L6-v2	Cluster 136 (size 3, sim=0.6329): Israeli10K ↔ UKBB semantic match	136	3	True
Average monthly red wine intake	Israeli10K	il10k_alcohol_monthly_red_intake_number	ACE touchscreen question In an average MONTH, how many glasses of RED wine would you drink? (There are six glasses in an average bottle)	UKBB	ukbb_4407	questionnaire_match	0.6329	sentence-transformers/all-MiniLM-L6-v2	Cluster 136 (size 3, sim=0.6329): Israeli10K ↔ UKBB semantic match	136	3	True
Tense / 'highly strung'	Israeli10K	il10k_health_mental_current_tense	ACE touchscreen question Would you call yourself tense or 'highly strung'?	UKBB	ukbb_1990	questionnaire_match	0.6206	sentence-transformers/all-MiniLM-L6-v2	Cluster 138 (size 2, sim=0.6206): Israeli10K ↔ UKBB semantic match	138	2	True
Average monthly beer plus cider intake	Israeli10K	il10k_alcohol_monthly_beer_cider_intake_choice	Average monthly beer plus cider intake	Israeli10K	il10k_alcohol_monthly_beer_cider_intake_number	questionnaire_match	0.6188	sentence-transformers/all-MiniLM-L6-v2	Cluster 139 (size 3, sim=0.6188): Israeli10K ↔ Israeli10K semantic match	139	3	False
Average monthly beer plus cider intake	Israeli10K	il10k_alcohol_monthly_beer_cider_intake_choice	ACE touchscreen question In an average MONTH, how many pints of beer or cider would you drink? (Include bitter, lager, stout, ale, Guinness)	UKBB	ukbb_4429	questionnaire_match	0.6188	sentence-transformers/all-MiniLM-L6-v2	Cluster 139 (size 3, sim=0.6188): Israeli10K ↔ UKBB semantic match	139	3	True
Average monthly beer plus cider intake	Israeli10K	il10k_alcohol_monthly_beer_cider_intake_number	ACE touchscreen question In an average MONTH, how many pints of beer or cider would you drink? (Include bitter, lager, stout, ale, Guinness)	UKBB	ukbb_4429	questionnaire_match	0.6188	sentence-transformers/all-MiniLM-L6-v2	Cluster 139 (size 3, sim=0.6188): Israeli10K ↔ UKBB semantic match	139	3	True
Average monthly intake of other alcoholic drinks	Israeli10K	il10k_alcohol_monthly_other_intake_choice	Average monthly intake of other alcoholic drinks	Israeli10K	il10k_alcohol_monthly_other_intake_number	questionnaire_match	0.6175	sentence-transformers/all-MiniLM-L6-v2	Cluster 140 (size 3, sim=0.6175): Israeli10K ↔ Israeli10K semantic match	140	3	False
Average monthly intake of other alcoholic drinks	Israeli10K	il10k_alcohol_monthly_other_intake_choice	ACE touchscreen question In an average MONTH, how many glasses of other alcoholic drinks (such as alcopops) would you drink?	UKBB	ukbb_4462	questionnaire_match	0.6175	sentence-transformers/all-MiniLM-L6-v2	Cluster 140 (size 3, sim=0.6175): Israeli10K ↔ UKBB semantic match	140	3	True
Average monthly intake of other alcoholic drinks	Israeli10K	il10k_alcohol_monthly_other_intake_number	ACE touchscreen question In an average MONTH, how many glasses of other alcoholic drinks (such as alcopops) would you drink?	UKBB	ukbb_4462	questionnaire_match	0.6175	sentence-transformers/all-MiniLM-L6-v2	Cluster 140 (size 3, sim=0.6175): Israeli10K ↔ UKBB semantic match	140	3	True
Frequency of stair climbing in last 4 weeks	Israeli10K	il10k_activity_staires_daily	ACE touchscreen question At home, during the last 4 weeks, about how many times a DAY do you climb a flight of stairs? (approx 10 steps)	UKBB	ukbb_943	questionnaire_match	0.6138	sentence-transformers/all-MiniLM-L6-v2	Cluster 143 (size 2, sim=0.6138): Israeli10K ↔ UKBB semantic match	143	2	True
Average weekly red wine intake	Israeli10K	il10k_alcohol_weekly_red_intake_choice	Average weekly red wine intake	Israeli10K	il10k_alcohol_weekly_red_intake_number	questionnaire_match	0.6119	sentence-transformers/all-MiniLM-L6-v2	Cluster 144 (size 3, sim=0.6119): Israeli10K ↔ Israeli10K semantic match	144	3	False
Average weekly red wine intake	Israeli10K	il10k_alcohol_weekly_red_intake_choice	ACE touchscreen question In an average WEEK, how many glasses of RED wine would you drink? (There are six glasses in an average bottle)	UKBB	ukbb_1568	questionnaire_match	0.6119	sentence-transformers/all-MiniLM-L6-v2	Cluster 144 (size 3, sim=0.6119): Israeli10K ↔ UKBB semantic match	144	3	True
Average weekly red wine intake	Israeli10K	il10k_alcohol_weekly_red_intake_number	ACE touchscreen question In an average WEEK, how many glasses of RED wine would you drink? (There are six glasses in an average bottle)	UKBB	ukbb_1568	questionnaire_match	0.6119	sentence-transformers/all-MiniLM-L6-v2	Cluster 144 (size 3, sim=0.6119): Israeli10K ↔ UKBB semantic match	144	3	True
Average weekly beer plus cider intake	Israeli10K	il10k_alcohol_weekly_beer_cider_intake_choice	Average weekly beer plus cider intake	Israeli10K	il10k_alcohol_weekly_beer_cider_intake_number	questionnaire_match	0.6113	sentence-transformers/all-MiniLM-L6-v2	Cluster 145 (size 3, sim=0.6113): Israeli10K ↔ Israeli10K semantic match	145	3	False
Average weekly beer plus cider intake	Israeli10K	il10k_alcohol_weekly_beer_cider_intake_choice	ACE touchscreen question In an average WEEK, how many pints of beer or cider would you drink? (Include bitter, lager, stout, ale, Guinness)	UKBB	ukbb_1588	questionnaire_match	0.6113	sentence-transformers/all-MiniLM-L6-v2	Cluster 145 (size 3, sim=0.6113): Israeli10K ↔ UKBB semantic match	145	3	True
Average weekly beer plus cider intake	Israeli10K	il10k_alcohol_weekly_beer_cider_intake_number	ACE touchscreen question In an average WEEK, how many pints of beer or cider would you drink? (Include bitter, lager, stout, ale, Guinness)	UKBB	ukbb_1588	questionnaire_match	0.6113	sentence-transformers/all-MiniLM-L6-v2	Cluster 145 (size 3, sim=0.6113): Israeli10K ↔ UKBB semantic match	145	3	True
Drive faster than motorway speed limit	Israeli10K	il10k_activity_driving_fast_frequency	ACE touchscreen question How often do you drive faster than the speed limit on the motorway?	UKBB	ukbb_1100	questionnaire_match	0.6089	sentence-transformers/all-MiniLM-L6-v2	Cluster 147 (size 2, sim=0.6089): Israeli10K ↔ UKBB semantic match	147	2	True
Wheeze or whistling in the chest in last year	Israeli10K	il10k_health_breathing_past_year_wheezing	ACE touchscreen question In the last year have you ever had wheeze or whistling in the chest?	UKBB	ukbb_2316	questionnaire_match	0.6064	sentence-transformers/all-MiniLM-L6-v2	Cluster 149 (size 2, sim=0.6064): Israeli10K ↔ UKBB semantic match	149	2	True
Weight change compared with 1 year ago	Israeli10K	il10k_health_general_past_year_weight_change	ACE touchscreen question Compared with one year ago, has your weight changed?	UKBB	ukbb_2306	questionnaire_match	0.5993	sentence-transformers/all-MiniLM-L6-v2	Cluster 150 (size 2, sim=0.5993): Israeli10K ↔ UKBB semantic match	150	2	True
Bone density scan (e.g. DEXA)	Arivale	arivale_e3e7b2f4ec23	Skin Condition (Abnormal Moles)	Arivale	arivale_1bbdf0ba14ba	questionnaire_match	0.5977	sentence-transformers/all-MiniLM-L6-v2	Cluster 152 (size 3, sim=0.5977): Arivale ↔ Arivale semantic match	152	3	False
Bone density scan (e.g. DEXA)	Arivale	arivale_e3e7b2f4ec23	Mole biopsy	Israeli10K	il10k_mole_biopsy_yn	questionnaire_match	0.5977	sentence-transformers/all-MiniLM-L6-v2	Cluster 152 (size 3, sim=0.5977): Arivale ↔ Israeli10K semantic match	152	3	True
Skin Condition (Abnormal Moles)	Arivale	arivale_1bbdf0ba14ba	Mole biopsy	Israeli10K	il10k_mole_biopsy_yn	questionnaire_match	0.5977	sentence-transformers/all-MiniLM-L6-v2	Cluster 152 (size 3, sim=0.5977): Arivale ↔ Israeli10K semantic match	152	3	True
How many servings of sugary drinks (including soda, energy drinks, sweetened tea or coffee, etc) do you have each day?	Arivale	arivale_54bd57828842	ACE touchscreen question How many cups of tea do you drink each DAY? (Include black and green tea)	UKBB	ukbb_1488	questionnaire_match	0.5974	sentence-transformers/all-MiniLM-L6-v2	Cluster 153 (size 3, sim=0.5974): Arivale ↔ UKBB semantic match	153	3	True
How many servings of sugary drinks (including soda, energy drinks, sweetened tea or coffee, etc) do you have each day?	Arivale	arivale_54bd57828842	ACE touchscreen question How many cups of coffee do you drink each DAY? (Include decaffeinated coffee)	UKBB	ukbb_1498	questionnaire_match	0.5974	sentence-transformers/all-MiniLM-L6-v2	Cluster 153 (size 3, sim=0.5974): Arivale ↔ UKBB semantic match	153	3	True
ACE touchscreen question How many cups of tea do you drink each DAY? (Include black and green tea)	UKBB	ukbb_1488	ACE touchscreen question How many cups of coffee do you drink each DAY? (Include decaffeinated coffee)	UKBB	ukbb_1498	questionnaire_match	0.5974	sentence-transformers/all-MiniLM-L6-v2	Cluster 153 (size 3, sim=0.5974): UKBB ↔ UKBB semantic match	153	3	False
I rarely wake up feeling rested.	Arivale	arivale_9464cbfb3cbb	Do you feel the need to rest during the day?	Israeli10K	il10k_mlhfq_rest_during_day	questionnaire_match	0.5944	sentence-transformers/all-MiniLM-L6-v2	Cluster 154 (size 2, sim=0.5944): Arivale ↔ Israeli10K semantic match	154	2	True
Do you usually take sugar in tea?	Arivale	arivale_d53bb9034eb7	Tea intake	Israeli10K	il10k_diet_tea_intake_choice	questionnaire_match	0.5925	sentence-transformers/all-MiniLM-L6-v2	Cluster 155 (size 3, sim=0.5925): Arivale ↔ Israeli10K semantic match	155	3	True
Do you usually take sugar in tea?	Arivale	arivale_d53bb9034eb7	Tea intake	Israeli10K	il10k_diet_tea_intake_number	questionnaire_match	0.5925	sentence-transformers/all-MiniLM-L6-v2	Cluster 155 (size 3, sim=0.5925): Arivale ↔ Israeli10K semantic match	155	3	True
Tea intake	Israeli10K	il10k_diet_tea_intake_choice	Tea intake	Israeli10K	il10k_diet_tea_intake_number	questionnaire_match	0.5925	sentence-transformers/all-MiniLM-L6-v2	Cluster 155 (size 3, sim=0.5925): Israeli10K ↔ Israeli10K semantic match	155	3	False
Alcohol intake frequency	Israeli10K	il10k_alcohol_current_frequency	ACE touchscreen question About how often do you drink alcohol?	UKBB	ukbb_1558	questionnaire_match	0.5803	sentence-transformers/all-MiniLM-L6-v2	Cluster 160 (size 2, sim=0.5803): Israeli10K ↔ UKBB semantic match	160	2	True
Leg pain on walking : action taken	Israeli10K	il10k_health_legs_pain_action	ACE touchscreen question Do you get a pain in either leg on walking?	UKBB	ukbb_4728	questionnaire_match	0.5763	sentence-transformers/all-MiniLM-L6-v2	Cluster 161 (size 3, sim=0.5763): Israeli10K ↔ UKBB semantic match	161	3	True
Leg pain on walking : action taken	Israeli10K	il10k_health_legs_pain_action	ACE touchscreen question What do you do if you get pain when you are walking?	UKBB	ukbb_5507	questionnaire_match	0.5763	sentence-transformers/all-MiniLM-L6-v2	Cluster 161 (size 3, sim=0.5763): Israeli10K ↔ UKBB semantic match	161	3	True
ACE touchscreen question Do you get a pain in either leg on walking?	UKBB	ukbb_4728	ACE touchscreen question What do you do if you get pain when you are walking?	UKBB	ukbb_5507	questionnaire_match	0.5763	sentence-transformers/all-MiniLM-L6-v2	Cluster 161 (size 3, sim=0.5763): UKBB ↔ UKBB semantic match	161	3	False
Frequency of friend/family visits	Israeli10K	il10k_activity_social_visit_frequency	ACE touchscreen question How often do you visit friends or family or have them visit you?	UKBB	ukbb_1031	questionnaire_match	0.5747	sentence-transformers/all-MiniLM-L6-v2	Cluster 162 (size 3, sim=0.5747): Israeli10K ↔ UKBB semantic match	162	3	True
Frequency of friend/family visits	Israeli10K	il10k_activity_social_visit_frequency	ACE touchscreen question How often do you visit friends or family or have them visit you?	UKBB	ukbb_10740	questionnaire_match	0.5747	sentence-transformers/all-MiniLM-L6-v2	Cluster 162 (size 3, sim=0.5747): Israeli10K ↔ UKBB semantic match	162	3	True
ACE touchscreen question How often do you visit friends or family or have them visit you?	UKBB	ukbb_1031	ACE touchscreen question How often do you visit friends or family or have them visit you?	UKBB	ukbb_10740	questionnaire_match	0.5747	sentence-transformers/all-MiniLM-L6-v2	Cluster 162 (size 3, sim=0.5747): UKBB ↔ UKBB semantic match	162	3	False
Use of sun/uv protection	Israeli10K	il10k_skin_current_sunscreen_use	ACE touchscreen question What would happen to your skin if it was repeatedly exposed to bright sunlight without any protection?	UKBB	ukbb_1727	questionnaire_match	0.5728	sentence-transformers/all-MiniLM-L6-v2	Cluster 166 (size 3, sim=0.5728): Israeli10K ↔ UKBB semantic match	166	3	True
Use of sun/uv protection	Israeli10K	il10k_skin_current_sunscreen_use	ACE touchscreen question Do you wear sun protection (e.g. sunscreen lotion, hat) when you spend time outdoors in the summer?	UKBB	ukbb_2267	questionnaire_match	0.5728	sentence-transformers/all-MiniLM-L6-v2	Cluster 166 (size 3, sim=0.5728): Israeli10K ↔ UKBB semantic match	166	3	True
ACE touchscreen question What would happen to your skin if it was repeatedly exposed to bright sunlight without any protection?	UKBB	ukbb_1727	ACE touchscreen question Do you wear sun protection (e.g. sunscreen lotion, hat) when you spend time outdoors in the summer?	UKBB	ukbb_2267	questionnaire_match	0.5728	sentence-transformers/all-MiniLM-L6-v2	Cluster 166 (size 3, sim=0.5728): UKBB ↔ UKBB semantic match	166	3	False
Nap during day	Israeli10K	il10k_sleep_nap	ACE touchscreen question Do you have a nap during the day?	UKBB	ukbb_1190	questionnaire_match	0.5651	sentence-transformers/all-MiniLM-L6-v2	Cluster 169 (size 2, sim=0.5651): Israeli10K ↔ UKBB semantic match	169	2	True
Frequency of walking for pleasure in last 4 weeks	Israeli10K	il10k_activity_walking_pleasure_monthly	ACE touchscreen question How many times in the last 4 weeks did you go walking for pleasure?	UKBB	ukbb_971	questionnaire_match	0.5609	sentence-transformers/all-MiniLM-L6-v2	Cluster 170 (size 2, sim=0.5609): Israeli10K ↔ UKBB semantic match	170	2	True
Parkinson's disease	Arivale	arivale_600fbbc23979	Huntington's disease	Arivale	arivale_3d848da6a5c0	questionnaire_match	0.5581	sentence-transformers/all-MiniLM-L6-v2	Cluster 171 (size 3, sim=0.5581): Arivale ↔ Arivale semantic match	171	3	False
Parkinson's disease	Arivale	arivale_600fbbc23979	Parkinson family number	Israeli10K	il10k_parkinson_family_number	questionnaire_match	0.5581	sentence-transformers/all-MiniLM-L6-v2	Cluster 171 (size 3, sim=0.5581): Arivale ↔ Israeli10K semantic match	171	3	True
Huntington's disease	Arivale	arivale_3d848da6a5c0	Parkinson family number	Israeli10K	il10k_parkinson_family_number	questionnaire_match	0.5581	sentence-transformers/all-MiniLM-L6-v2	Cluster 171 (size 3, sim=0.5581): Arivale ↔ Israeli10K semantic match	171	3	True
Wants to stop smoking	Israeli10K	il10k_smoking_stop_wish	ACE touchscreen question Do you want to stop smoking?	UKBB	ukbb_3496	questionnaire_match	0.5551	sentence-transformers/all-MiniLM-L6-v2	Cluster 172 (size 2, sim=0.5551): Israeli10K ↔ UKBB semantic match	172	2	True
Hot drink temperature	Israeli10K	il10k_diet_hot_drink_temperature	ACE touchscreen question How do you like your hot drinks? (Such as coffee or tea)	UKBB	ukbb_1518	questionnaire_match	0.5446	sentence-transformers/all-MiniLM-L6-v2	Cluster 174 (size 2, sim=0.5446): Israeli10K ↔ UKBB semantic match	174	2	True
Suffer from 'nerves'	Israeli10K	il10k_health_mental_current_nerves	ACE touchscreen question Do you suffer from 'nerves'?	UKBB	ukbb_2010	questionnaire_match	0.5398	sentence-transformers/all-MiniLM-L6-v2	Cluster 176 (size 2, sim=0.5398): Israeli10K ↔ UKBB semantic match	176	2	True
Number of days/week walked 10+ minutes	Israeli10K	il10k_activity_walking_10min_days_weekly	Digits entered by participant	UKBB	ukbb_23322	questionnaire_match	0.5374	sentence-transformers/all-MiniLM-L6-v2	Cluster 178 (size 3, sim=0.5374): Israeli10K ↔ UKBB semantic match	178	3	True
Number of days/week walked 10+ minutes	Israeli10K	il10k_activity_walking_10min_days_weekly	ACE touchscreen question In a typical WEEK, on how many days did you walk for at least 10 minutes at a time? (Include walking that you do at work, travelling to and from work, and for sport or leisure...	UKBB	ukbb_864	questionnaire_match	0.5374	sentence-transformers/all-MiniLM-L6-v2	Cluster 178 (size 3, sim=0.5374): Israeli10K ↔ UKBB semantic match	178	3	True
Digits entered by participant	UKBB	ukbb_23322	ACE touchscreen question In a typical WEEK, on how many days did you walk for at least 10 minutes at a time? (Include walking that you do at work, travelling to and from work, and for sport or leisure...	UKBB	ukbb_864	questionnaire_match	0.5374	sentence-transformers/all-MiniLM-L6-v2	Cluster 178 (size 3, sim=0.5374): UKBB ↔ UKBB semantic match	178	3	False
To what extent do you feel that physical pain prevents you from doing what you need to do?	Arivale	arivale_d454eaca3c37	Do you feel physical difficulty working for a living?	Israeli10K	il10k_mlhfq_difficulty_working	questionnaire_match	0.537	sentence-transformers/all-MiniLM-L6-v2	Cluster 179 (size 2, sim=0.537): Arivale ↔ Israeli10K semantic match	179	2	True
Blood Clot (lung)	Arivale	arivale_02976c4e93ce	ACE touchscreen question What was your age when the blood clot in the lung was first diagnosed?	UKBB	ukbb_4022	questionnaire_match	0.5231	sentence-transformers/all-MiniLM-L6-v2	Cluster 181 (size 2, sim=0.5231): Arivale ↔ UKBB semantic match	181	2	True
Difficulty not smoking for 1 day	Israeli10K	il10k_smoking_current_difficulty_to_avoid_one_day	ACE touchscreen question How easy or difficult would you find it to go without smoking for a whole day?	UKBB	ukbb_3476	questionnaire_match	0.5187	sentence-transformers/all-MiniLM-L6-v2	Cluster 183 (size 2, sim=0.5187): Israeli10K ↔ UKBB semantic match	183	2	True
Frequency of tenseness / restlessness in last 2 weeks	Israeli10K	il10k_health_mental_past_two_week_restless_frequency	ACE touchscreen question Over the past two weeks, how often have you felt tense, fidgety or restless?	UKBB	ukbb_2070	questionnaire_match	0.5168	sentence-transformers/all-MiniLM-L6-v2	Cluster 184 (size 2, sim=0.5168): Israeli10K ↔ UKBB semantic match	184	2	True
General pain for 3+ months	Israeli10K	il10k_health_pain_past_3_months_general	ACE touchscreen question Have you had pains all over the body for more than 3 months?	UKBB	ukbb_2956	questionnaire_match	0.5135	sentence-transformers/all-MiniLM-L6-v2	Cluster 185 (size 2, sim=0.5135): Israeli10K ↔ UKBB semantic match	185	2	True
White fish (e.g. cod, halibut, flounder, etc.)	Arivale	arivale_815cf903d94f	ACE touchscreen question How often do you eat other types of fish? (e.g. cod, tinned tuna, haddock)	UKBB	ukbb_1339	questionnaire_match	0.5112	sentence-transformers/all-MiniLM-L6-v2	Cluster 187 (size 2, sim=0.5112): Arivale ↔ UKBB semantic match	187	2	True
Pre pregnancy genetic testing	Israeli10K	il10k_pre_pregnancy_genetic_testing	Participants asked by interviewer if they might be pregnant before the body impedance measures. Impedance measurement was not performed if they answered Yes or Possibly.	UKBB	ukbb_3140	questionnaire_match	0.5097	sentence-transformers/all-MiniLM-L6-v2	Cluster 189 (size 2, sim=0.5097): Israeli10K ↔ UKBB semantic match	189	2	True
Heart Arrhythmias (such as A-fib, SVT)	Arivale	arivale_e4e098f84ac5	Ablation of atrial fibrillation or flutter year	Israeli10K	il10k_ablation_of_atrial_fibrillation_or_flutter_year	questionnaire_match	0.4887	sentence-transformers/all-MiniLM-L6-v2	Cluster 195 (size 2, sim=0.4887): Arivale ↔ Israeli10K semantic match	195	2	True
How tall are you?	Arivale	arivale_fe24eff21e5e	Comparative body size at age 10	Israeli10K	il10k_early_life_comparative_body_weight	questionnaire_match	0.488	sentence-transformers/all-MiniLM-L6-v2	Cluster 196 (size 3, sim=0.488): Arivale ↔ Israeli10K semantic match	196	3	True
How tall are you?	Arivale	arivale_fe24eff21e5e	Comparative height size at age 10	Israeli10K	il10k_early_life_comparative_body_height	questionnaire_match	0.488	sentence-transformers/all-MiniLM-L6-v2	Cluster 196 (size 3, sim=0.488): Arivale ↔ Israeli10K semantic match	196	3	True
Comparative body size at age 10	Israeli10K	il10k_early_life_comparative_body_weight	Comparative height size at age 10	Israeli10K	il10k_early_life_comparative_body_height	questionnaire_match	0.488	sentence-transformers/all-MiniLM-L6-v2	Cluster 196 (size 3, sim=0.488): Israeli10K ↔ Israeli10K semantic match	196	3	False
Alopecia (hair loss)	Arivale	arivale_a3c3fdfd569c	ACE touchscreen question When did you start to grow facial hair?	UKBB	ukbb_2375	questionnaire_match	0.4802	sentence-transformers/all-MiniLM-L6-v2	Cluster 203 (size 3, sim=0.4802): Arivale ↔ UKBB semantic match	203	3	True
Alopecia (hair loss)	Arivale	arivale_a3c3fdfd569c	ACE touchscreen question Which of the following best describes your hair/balding pattern?	UKBB	ukbb_2395	questionnaire_match	0.4802	sentence-transformers/all-MiniLM-L6-v2	Cluster 203 (size 3, sim=0.4802): Arivale ↔ UKBB semantic match	203	3	True
ACE touchscreen question When did you start to grow facial hair?	UKBB	ukbb_2375	ACE touchscreen question Which of the following best describes your hair/balding pattern?	UKBB	ukbb_2395	questionnaire_match	0.4802	sentence-transformers/all-MiniLM-L6-v2	Cluster 203 (size 3, sim=0.4802): UKBB ↔ UKBB semantic match	203	3	False
Duration of strenuous sports	Israeli10K	il10k_activity_strenuous_duration	This field is the mean duration to first press of snap-button summed over rounds in which both cards matched. It gives a crude measure of the raw processing+reaction speed of a participant.	UKBB	ukbb_20023	questionnaire_match	0.4726	sentence-transformers/all-MiniLM-L6-v2	Cluster 206 (size 3, sim=0.4726): Israeli10K ↔ UKBB semantic match	206	3	True
Duration of strenuous sports	Israeli10K	il10k_activity_strenuous_duration	ACE touchscreen question Each time you did strenuous sports, about how long did you spend doing it?	UKBB	ukbb_1001	questionnaire_match	0.4726	sentence-transformers/all-MiniLM-L6-v2	Cluster 206 (size 3, sim=0.4726): Israeli10K ↔ UKBB semantic match	206	3	True
This field is the mean duration to first press of snap-button summed over rounds in which both cards matched. It gives a crude measure of the raw processing+reaction speed of a participant.	UKBB	ukbb_20023	ACE touchscreen question Each time you did strenuous sports, about how long did you spend doing it?	UKBB	ukbb_1001	questionnaire_match	0.4726	sentence-transformers/all-MiniLM-L6-v2	Cluster 206 (size 3, sim=0.4726): UKBB ↔ UKBB semantic match	206	3	False
Types of transport used (excluding work)	Israeli10K	il10k_activity_transport_types	ACE touchscreen question In the last 4 weeks, which forms of transport have you used most often to get about? (Not including any journeys to and from work; you can select more than one answer)	UKBB	ukbb_6162	questionnaire_match	0.4599	sentence-transformers/all-MiniLM-L6-v2	Cluster 209 (size 2, sim=0.4599): Israeli10K ↔ UKBB semantic match	209	2	True
Other neurocognitive condition	Arivale	arivale_97d72368c67d	Estimate of each persons cognitive ability when performing the picture vocabulary task. Value has been scaled to the range 0-1.	UKBB	ukbb_26302	questionnaire_match	0.4325	sentence-transformers/all-MiniLM-L6-v2	Cluster 214 (size 3, sim=0.4325): Arivale ↔ UKBB semantic match	214	3	True
Other neurocognitive condition	Arivale	arivale_97d72368c67d	This is an externally derived summary score of neuroticism, based on 12 neurotic behaviour domains as reported from fields 1920, 1930, 1940, 1950, 1960, 1970, 1980, 1990, 2000, 2010, 2020 and 2030 fro...	UKBB	ukbb_20127	questionnaire_match	0.4325	sentence-transformers/all-MiniLM-L6-v2	Cluster 214 (size 3, sim=0.4325): Arivale ↔ UKBB semantic match	214	3	True
Estimate of each persons cognitive ability when performing the picture vocabulary task. Value has been scaled to the range 0-1.	UKBB	ukbb_26302	This is an externally derived summary score of neuroticism, based on 12 neurotic behaviour domains as reported from fields 1920, 1930, 1940, 1950, 1960, 1970, 1980, 1990, 2000, 2010, 2020 and 2030 fro...	UKBB	ukbb_20127	questionnaire_match	0.4325	sentence-transformers/all-MiniLM-L6-v2	Cluster 214 (size 3, sim=0.4325): UKBB ↔ UKBB semantic match	214	3	False
Coronary artery disease	Arivale	arivale_7403e39de103	Carotid artery Doppler ultrasound	Israeli10K	il10k_doppler_of_the_carotid_arteries_past_year	questionnaire_match	0.4297	sentence-transformers/all-MiniLM-L6-v2	Cluster 215 (size 2, sim=0.4297): Arivale ↔ Israeli10K semantic match	215	2	True
Falls in the last year	Israeli10K	il10k_health_general_past_year_falling	ACE touchscreen question In the last year have you had any falls?	UKBB	ukbb_2296	questionnaire_match	0.4291	sentence-transformers/all-MiniLM-L6-v2	Cluster 216 (size 2, sim=0.4291): Israeli10K ↔ UKBB semantic match	216	2	True
I start conversations.	Arivale	arivale_c116de3ba981	ACE touchscreen question Do you find it difficult to follow a conversation if there is background noise (such as TV, radio, children playing)?	UKBB	ukbb_2257	questionnaire_match	0.3975	sentence-transformers/all-MiniLM-L6-v2	Cluster 221 (size 2, sim=0.3975): Arivale ↔ UKBB semantic match	221	2	True
Fermented foods (e.g. sauerkraut, kombucha, kimchi, etc.)	Arivale	arivale_02fb3a9cf8c6	Keep kosher	Israeli10K	il10k_extra_diet_kosher	questionnaire_match	0.3838	sentence-transformers/all-MiniLM-L6-v2	Cluster 222 (size 2, sim=0.3838): Arivale ↔ Israeli10K semantic match	222	2	True
I am interested in people.	Arivale	arivale_2a954dad3c8b	ACE touchscreen question Would you be willing for the study organisers to contact you in the future by email?	UKBB	ukbb_10114	questionnaire_match	0.3488	sentence-transformers/all-MiniLM-L6-v2	Cluster 224 (size 2, sim=0.3488): Arivale ↔ UKBB semantic match	224	2	True
